Id,class_0,class_1
00eed32682bb,0.8066211342811584,0.19337886571884155
010ebe33f668,0.8066211342811584,0.19337886571884155
02fa521e1838,0.8066211342811584,0.19337886571884155
040e15f562a2,0.8066211342811584,0.19337886571884155
046e85c7cc7f,0.8066211342811584,0.19337886571884155
